,0
PingServlet2Jsp,0
PingBean,0
PingServlet2PDF,0
Handler,0
Listener,0
PingServlet2Include,0
PingServlet2IncludeRcv,0
PingSession2,0
PingManagedThread,0
PingServlet2JNDI,0
PingServlet2DB,0
ExplicitGC,0
PingServletWriter,0
PingUpgradeServlet,0
PingServlet,0
PingJSONP,0
Log,0
LoginValidator,0
PingServletSetContentLength,0
PingSession1,0
PingSession3Object,0
PingSession3,0
RunStatsDataBean,0
TradeServices,0
MarketSummaryDataBean,0
PingServlet2ServletRcv,0
PingServlet2Servlet,0
TradeBuildDB,0
TradeConfigServlet,0
TradeConfigJSF,0
PingServlet31AsyncRead,0
TradeScenarioServlet,0
TradeAppServlet,0
PingJDBCRead,0
TradeConfig,0
PingWebSocketBinary,0
PingServlet2MDBQueue,0
TradeWebContextListener,0
PingJDBCRead2JSP,0
PingServlet2Entity,0
PingJDBCWrite,0
CompleteOrderThread,0
PingServlet2MDBTopic,0
ActionMessage,0
ActionDecoder,0
PingWebSocketTextSync,0
TradeActionProducer,0
OrdersAlertFilter,0
TradeAppJSF,0
TestServlet,0
TradeAction,0
WriteListenerImpl,0
RecentStockChangeList,0
WebSocketJMSMessage,0
MarketSummaryWebSocket,0
TradeDirect,0
AccountDataBean,0
TradeServletAction,0
HoldingDataBean,0
OrderDataBean,0
HoldingData,0
PortfolioJSF,0
OrderData,0
OrderDataJSF,0
AccountDataJSF,0
MarketSummaryJSF,0
QuoteData,0
QuoteJSF,0
TimerStat,0
MDBStats,0
DTBroker3MDB,0
DTStreamer3MDB,0
KeyBlockIterator,0
KeyBlock,0
KeySequenceDirect,0
PingServlet2SessionLocal,0
TradeSLSBLocal,0
quotePriceComparator,0
QuoteDataBean,0
ExternalContextProducer,0
PingServlet2Session2Entity,0
PingServlet2Session2CMROne2Many,0
PingServlet2Session2Entity2JSP,0
TradeSLSBBean,0
PingServlet2Session2CMROne2One,0
PingServlet2Session2EntityCollection,0
AccountProfileDataBean,0
PingServlet2TwoPhase,0
MarketSummarySingleton,0
FinancialUtils,0
PingWebSocketTextAsync,0
JsonMessage,0
JsonEncoder,0
PingWebSocketJson,0
JsonDecoder,0
TradeSLSBRemote,0
PingServlet2SessionRemote,0
PingInterceptor,1
PingInterceptorBinding,1
PingServletCDIBeanManagerViaJNDI,1
PingCDIBean,1
PingServletCDIBeanManagerViaCDICurrent,1
PingServletCDI,1
JSFLoginFilter,1
PingEJBLocal,1
PingEJBIFace,1
PingEJBLocalDecorator,1
PingReentryServlet,2
PingCDIJSFBean,3
PingManagedExecutor,3
PingServlet31Async,3
PingServlet30Async,3
PingServletLargeContentLength,4
